0,1,2,3,4,5,6,7,8,9,10,11,12,13,14,15,16,17,18,19,label
929.0148395649838,19.822571203334125,-47.35085072200443,-30.245201668749324,-21.855499975037663,-8.129130749602682,-14.099008061309931,-8.989732476651552,-17.492730302417723,-0.1525606565221537,7.399752387786075,7.691877111872773,-6.3981680573969895,-2.368418841721359,-6.294391401614655,-0.8637283781312222,-1.7752764146429485,-2.527019379964883,0.7169956526928621,1.6112247891402331,discomfort
929.0148395649838,19.822571203334125,-47.35085072200443,-30.245201668749324,-21.855499975037663,-8.129130749602682,-14.099008061309931,-8.989732476651552,-17.492730302417723,-0.1525606565221537,7.399752387786075,7.691877111872773,-6.3981680573969895,-2.368418841721359,-6.294391401614655,-0.8637283781312222,-1.7752764146429485,-2.527019379964883,0.7169956526928621,1.6112247891402331,discomfort
929.0148395649838,19.822571203334125,-47.35085072200443,-30.245201668749324,-21.855499975037663,-8.129130749602682,-14.099008061309931,-8.989732476651552,-17.492730302417723,-0.1525606565221537,7.399752387786075,7.691877111872773,-6.3981680573969895,-2.368418841721359,-6.294391401614655,-0.8637283781312222,-1.7752764146429485,-2.527019379964883,0.7169956526928621,1.6112247891402331,discomfort
652.1272273314512,143.97668961068544,61.813984274729506,-13.872754445716438,-22.380206447029863,-7.572268399228881,14.216752578242687,1.9490950268874454,-5.204645210771513,-13.849279960780752,-2.038801414163853,-6.5597251768513,-7.0496870477406075,-17.27905987633029,-6.830024700400342,-3.6769809065481986,5.080028413232981,-4.470443904490514,-3.3907986052575643,-8.084858225497847,discomfort
870.402684501084,39.30982587686444,-45.877896161135304,-12.443054607756086,-37.64921330105511,-6.565715996281721,-3.212037935109615,-7.2742303509051425,-0.08523683923852274,2.6089392964719385,-13.056902684045832,-4.674003989619311,-11.347643670281101,-7.0984456499765605,-5.9694847750263955,-0.8309598576761159,-2.173499429545575,0.505592059879478,-4.842111320898202,-3.3456748225446336,discomfort
870.402684501084,39.30982587686444,-45.877896161135304,-12.443054607756086,-37.64921330105511,-6.565715996281721,-3.212037935109615,-7.2742303509051425,-0.08523683923852274,2.6089392964719385,-13.056902684045832,-4.674003989619311,-11.347643670281101,-7.0984456499765605,-5.9694847750263955,-0.8309598576761159,-2.173499429545575,0.505592059879478,-4.842111320898202,-3.3456748225446336,discomfort
704.9414622810817,172.24255797620128,62.56645460763083,-44.051547236318896,-42.258741711280614,-21.781243604410083,13.71753421903905,-10.873207101540203,-14.232873340111055,-26.895316379751492,-0.045600490464175775,-6.6319043657687535,3.3038335657741027,-11.458596247750947,6.687177318701605,-1.6085295236375512,6.726699860985378,-13.00738397128349,-2.5376900261237623,-9.073023489553487,discomfort
943.1671722420776,-9.548762485014134,-70.95144193321869,-1.1109011303010858,-16.63415261157596,8.628814164249299,-21.43649210907288,-6.688371439739251,-0.06268539429945486,-0.7181364126152642,4.4430701401817885,-5.997080418747404,-10.875304300684945,-4.341170880193959,-9.812871979064951,0.4174146105562385,-2.896170527912138,1.3167276234030765,1.2077284831285195,3.0983134662583076,discomfort
943.1671722420776,-9.548762485014134,-70.95144193321869,-1.1109011303010858,-16.63415261157596,8.628814164249299,-21.43649210907288,-6.688371439739251,-0.06268539429945486,-0.7181364126152642,4.4430701401817885,-5.997080418747404,-10.875304300684945,-4.341170880193959,-9.812871979064951,0.4174146105562385,-2.896170527912138,1.3167276234030765,1.2077284831285195,3.0983134662583076,discomfort
676.2172560121153,43.54517264441641,-28.24540492275738,-12.453755585361954,-28.273027939141205,-2.3870349191990807,-13.473050349312631,-10.93388448744209,-14.185173079221773,-12.758370397500727,-13.955122109373232,-12.456149370670254,-14.469928421870678,-9.8537387505989,-10.745382905471239,-8.752956313923036,-10.185619079588601,-3.6292068542161386,-5.0190291884870115,-2.1158316235891474,discomfort
707.4153958752137,36.19102621316864,-5.2707119644144,-0.38215085422921596,-13.48568779013533,-11.599171053268497,-18.93661367631865,-12.767104306747738,-15.649129479728332,-11.513748311896315,-8.815036544918652,-7.151432595651043,-15.776743150833154,-9.035276389080508,-13.371981930215108,-3.8645876738675606,-8.783976506991156,-6.767049831581914,-6.116937278823266,-3.101730469477278,discomfort
707.4153958752137,36.19102621316864,-5.2707119644144,-0.38215085422921596,-13.48568779013533,-11.599171053268497,-18.93661367631865,-12.767104306747738,-15.649129479728332,-11.513748311896315,-8.815036544918652,-7.151432595651043,-15.776743150833154,-9.035276389080508,-13.371981930215108,-3.8645876738675606,-8.783976506991156,-6.767049831581914,-6.116937278823266,-3.101730469477278,discomfort
707.4153958752137,36.19102621316864,-5.2707119644144,-0.38215085422921596,-13.48568779013533,-11.599171053268497,-18.93661367631865,-12.767104306747738,-15.649129479728332,-11.513748311896315,-8.815036544918652,-7.151432595651043,-15.776743150833154,-9.035276389080508,-13.371981930215108,-3.8645876738675606,-8.783976506991156,-6.767049831581914,-6.116937278823266,-3.101730469477278,discomfort
870.8597845137194,-19.797173848050488,-5.597549291626492,0.04922968792517428,-9.170203800129439,1.0863082331327514,-15.891971252462708,-2.95056027529755,1.9549285973571713,0.32124549974914757,-9.142359648647407,-3.4683240469743444,-12.408078837240197,-0.7809931564102104,-8.525477162921,0.32876817691221544,-2.887861804218299,-0.1242784426508996,0.0794107254223242,0.5972448405227371,discomfort
870.8597845137194,-19.797173848050488,-5.597549291626492,0.04922968792517428,-9.170203800129439,1.0863082331327514,-15.891971252462708,-2.95056027529755,1.9549285973571713,0.32124549974914757,-9.142359648647407,-3.4683240469743444,-12.408078837240197,-0.7809931564102104,-8.525477162921,0.32876817691221544,-2.887861804218299,-0.1242784426508996,0.0794107254223242,0.5972448405227371,discomfort
870.8597845137194,-19.797173848050488,-5.597549291626492,0.04922968792517428,-9.170203800129439,1.0863082331327514,-15.891971252462708,-2.95056027529755,1.9549285973571713,0.32124549974914757,-9.142359648647407,-3.4683240469743444,-12.408078837240197,-0.7809931564102104,-8.525477162921,0.32876817691221544,-2.887861804218299,-0.1242784426508996,0.0794107254223242,0.5972448405227371,discomfort
540.8544834821798,171.47073896323857,87.46739944567611,7.766686187507603,-2.0525758524400435,10.233016761102778,29.97079524292452,11.140178209736135,-1.4294158913018984,-13.193477860066453,3.466835855202743,4.607264939379813,6.963797813378465,-9.269587254383113,-6.111444656938414,-7.428108717042641,4.733663934546911,-0.6852737225966093,2.52705597132254,-4.9382599873993955,discomfort
799.2487164900725,106.59267948479108,-2.4459940378254497,7.3579708819429674,-19.878783243627066,2.573099238592295,-10.899929925220151,11.729693067906945,-12.498250062671007,3.4516741949712224,-14.000093841801483,0.606093240835087,-9.115725197586162,-4.215299915471287,-10.588122597149004,-12.56660561201371,-7.815026325671868,-11.519174861483258,-10.227161449342438,-11.434193109747955,discomfort
799.2487164900725,106.59267948479108,-2.4459940378254497,7.3579708819429674,-19.878783243627066,2.573099238592295,-10.899929925220151,11.729693067906945,-12.498250062671007,3.4516741949712224,-14.000093841801483,0.606093240835087,-9.115725197586162,-4.215299915471287,-10.588122597149004,-12.56660561201371,-7.815026325671868,-11.519174861483258,-10.227161449342438,-11.434193109747955,discomfort
571.9379714048449,59.861882733025936,-4.570503832794361,4.66736627577088,3.4554519589026875,-0.2910389294389759,-7.566677075478941,-3.2434261360714367,-8.6454263588346,-0.21892898428692092,-9.90910296742272,-8.923433322033915,-10.613579982822593,-2.678448197379091,-11.678774495458596,-7.786842803304319,-4.810731964157448,1.2883347301507522,-0.9731409166289438,-1.4826841438756757,discomfort
511.5823190819104,62.68794230333043,-7.883345653379205,14.31530048289255,-4.381021695167887,-3.710128480634132,-8.314498221953416,-8.269042009459813,-6.221624164801368,-6.024624824578957,-11.250151696984362,-4.038808401324228,-5.574373705199655,0.08727071208182016,-3.320857436832075,-0.7644731303957207,-3.2049032789002863,-1.3198781464020157,-2.901802895505026,-4.005014096150194,discomfort
730.7096197216077,103.20849476584682,-43.16598907908155,10.572453739168122,-30.989331326605683,-12.582307042781979,6.195472368544267,-26.12425524023286,-17.172785654010017,-0.5894826785921047,-23.535051153695175,-8.073997174285418,-6.664835343284358,-2.622846004691149,-11.231079562468581,-11.70869899160023,-6.0780612679836326,12.879603305695358,26.634586749558164,14.058152748955138,discomfort
634.6076816393341,62.01368399436443,-6.0316907096525245,5.788045483993923,-13.37961944548806,-2.447472176880999,-4.526275920345765,-17.91684209023994,-5.186945262701432,-4.896855603547442,-17.300344831328832,0.02632644109927576,-6.939262029114771,-5.763050642328342,-2.4088254502283757,-0.48152198972330745,4.861279656544231,11.35997570016707,1.8665615384189005,-4.164019954573919,discomfort
684.7255028491329,1.2211507071141914,-35.120360892768595,-16.043228030669365,-18.53478270078243,-2.8411181106105925,-14.407829442203703,-1.3166664004123108,-3.941556702446798,-1.390942945437494,-2.7501824029944495,4.166521079893637,-0.9384336044947817,1.3581041068371233,-4.297138287378428,-1.3925401073654853,-4.428630557866208,-3.2001040911222725,-5.740869558013644,-0.8376631208301747,discomfort
580.3070853317456,50.9909690508377,-52.500476779462666,-2.606577848397708,-14.496584917697692,-17.84949212846888,-11.061978881638488,-8.75466194888983,0.8439006132853197,10.06076135180827,2.016497522857353,-2.8175495495006646,-10.946799939603439,-10.228935563794881,-10.52580738021489,-2.8607029458511004,-1.7936430885155565,2.0033392841433773,4.9428575719001495,3.337902929571514,discomfort
538.1796777134869,65.28917825091142,6.226692079530188,25.960537439025845,0.18533916054454294,-2.6132091020193915,-6.406382788844353,-4.242102635869085,-13.236879291046328,-1.014033909506684,-5.633449251113364,-6.691820379503226,-8.561591297426727,-4.456014618341285,-9.22878048426966,-5.480328562954136,-8.379955297614254,-2.3993004559763977,-3.736502678000416,-2.037000386636385,discomfort
903.5939736013521,43.23983391491845,-25.52276163521099,12.924175598676491,-26.652438135923692,16.493935828630885,-17.533480568842663,3.5300933863344377,-14.883992560468466,-4.482348976902417,1.143567436280622,2.8352916552136174,-1.7711320109400683,-4.8327673366265484,-10.189655059913417,-7.798943730206708,-11.819656275805023,-11.532445547203741,-9.049651553814751,-6.002512103765351,discomfort
973.5509193761537,42.6719951824147,0.6693861211841554,11.393558264655622,-20.05675332788137,16.22608657288336,-19.017141513056398,1.86198492327869,-12.765308058908905,-0.4915773892920796,1.644618672460479,-8.110733773830342,-6.778145284799259,-9.474016750862644,-16.2027886378297,-8.773579448978541,-13.600260302428893,-6.264501139434659,-6.159457830800198,-6.698012937674969,discomfort
210.1848881780808,159.3695927935798,41.878699987903126,-17.199200631602285,-16.591562131347516,11.27377272335128,28.927813095769444,0.8474547008845161,-8.839129128901957,-15.122128181499694,7.752547793626889,0.09471144482987266,-0.43311351335356546,-14.09901820383885,0.888876425348847,1.064095862351572,7.868500610209538,-5.6654604298587135,-1.0817552027175206,-3.8507431904887466,hungry
400.08812380853755,121.14477896333429,57.8928762262132,2.4767313029216886,-6.7809043695089946,6.598312941657706,21.59518835659197,12.69664512563203,0.6715184307015731,-8.048928483708838,-0.7405825231866732,2.389926689819496,3.6217282963785733,-3.679443601479943,-2.7887880895909407,-1.8019185122941674,3.918887748280851,1.6036078949893198,1.5373913164201818,-1.8675395937390527,hungry
345.1510142166779,138.72017709064394,63.38976570577458,-0.13757402489251483,-8.278632029810659,9.133858241076114,25.1800847370855,12.922261391593747,-1.0435466762433157,-8.505751576893962,1.772400265679743,5.052802383845355,4.7888863159179085,-3.67126836653478,-1.4991355466076763,0.22389499618636496,5.1376853281329735,0.5430357606309923,0.04920164159807706,-2.3583811441329803,hungry
629.2198260325796,198.71444870260646,62.037655071012566,-65.37618721372657,-46.55037317658012,-11.357204793746615,34.33934823376593,-5.905705478643863,-14.475471945280198,-30.50333793127532,8.760901425547276,0.6788331316327305,9.732506812475851,-17.427067417508372,-0.12940625466098715,-11.502038922195835,5.221324112642602,-12.895479348995499,2.144709183476986,-10.443939734930275,hungry
692.323969668174,169.6082453328717,69.2027766254622,-20.64877073896146,-13.393437717641252,7.0207811690308315,29.097974526432026,-3.032384110093685,-12.857760251945463,-21.48896032183732,3.69479594088427,-2.0974008644058535,1.923179302111555,-11.604080943099827,4.9709168209880685,2.568673515422627,11.67689370021347,-3.2893758795019075,3.2421567865254164,-4.008943119103227,hungry
333.975940893186,129.56327337108826,55.1073579266328,-10.486215885793944,-16.148105306222085,-3.0323214010781965,11.56018307882793,-3.354907407867138,-10.176964269142712,-13.223120492199442,0.998098964057741,-1.6537161428576956,-3.8099135598897425,-13.187930010941862,-3.9620076592865976,-0.8318931282917263,5.030854266109248,-4.291180116246786,-3.279405260577528,-5.100738638322671,hungry
590.3101382262247,175.08734003889387,65.5848763242003,-45.42397240210543,-32.20932318618357,-6.770249570543531,35.21745618542027,-3.5851003526943916,-18.971255315660176,-45.344221873633934,-10.95323578211698,-11.066124735443907,6.866780030715619,-17.820651596469244,-5.080917793599453,-17.326263774257082,2.0558920218121743,-13.424753581732931,-0.8426242377618974,-15.337275656576029,hungry
556.2536056113815,103.83583926607437,36.27493490162604,-23.367766572078686,-19.251030458225415,-0.5471738834944304,20.31017436210615,5.3142855296873766,-1.631333028406688,-8.648416270521201,6.40559091434627,4.764754658595491,6.333532807626025,-5.632837110677651,-0.5772977622770389,-3.3268876499509403,3.46855301735783,-3.4753276101633297,0.11984749509243886,-4.846945963220962,hungry
573.6664660088625,123.59570749572345,44.36202595964679,-24.646830662903895,-17.296955020054227,3.020421580566268,24.334876738119135,3.9299998372780003,-2.329426830982041,-9.438131297923965,6.700745771179874,-0.35622983979527745,0.024982924924144508,-11.3946902539693,-0.06196323616803929,-1.5298630169184688,5.933263391225975,-3.872913691959624,1.0998562023798633,-4.203486397728389,hungry
277.1234108108874,189.89013532679797,69.40740119206436,-33.36543784391724,-26.892988155472512,0.004018237948580398,31.25937656012198,5.055983207650313,-0.31676154447284927,-7.302829514167707,16.16002976264483,3.7800621326036974,1.293059903481078,-15.932332146674321,1.7400857807136552,0.25666328298162017,9.380520701734063,-6.715690588281544,1.2519800241403252,-4.2732151913182745,hungry
600.54530007157,153.03683644574645,61.908853201462335,-16.804020080615544,-18.6841607235337,3.699001018534117,27.43667317481566,11.016914678148666,0.841923312302975,-7.116144417495263,7.934598173300302,5.341512436396889,5.562597541781592,-4.892315592485052,4.355217890154412,4.474156283666676,9.771269578278089,-1.0970545779418581,0.9909661181095943,-2.198160660338279,hungry
930.6417568283333,9.903333618281936,-20.64569855994281,-18.788604384061966,-13.075440296681323,5.252213434990225,-14.052767349321147,-5.20948202639425,-17.001568321487483,1.882587550263287,-4.883770295291697,-0.10998821925241414,-2.0858288568199352,0.11713131456050967,0.4600386106665574,-1.3146923652617217,-3.5875612588541865,0.31464194976018717,-1.8905278988209684,4.341826138394145,hungry
886.5962546234217,17.89651813324273,-41.94091014930164,-21.359535006056653,-18.817887457081962,-7.000164328571865,-22.821325649750076,-13.876299409109919,-6.681239859497978,6.529383218946041,8.36938754842774,1.5767237412009827,-14.740669449464768,3.083338199234419,-11.561705493806096,-5.9130363840523525,-0.0680109025367998,3.1672895625166317,1.0561979190051334,5.360173075724608,hungry
955.5474971703707,-11.319095912220329,-17.508185253756636,-30.85526543712547,-23.46125472643579,5.2652297140458675,-14.480109306405549,-4.30007623690418,-10.250405498232519,6.574911324152012,6.14037487539147,1.244414549722803,-5.503609256172844,4.9235106551076155,-10.09273129283957,0.427174924721391,-0.4277438215415339,0.8101030246442651,0.11143025197971154,4.837165275594091,hungry
949.3401755811193,-30.48362513845101,-7.615367976609884,-15.688798087420913,-11.276180491891566,14.599194530000686,-15.990418725826562,-6.850978899123534,-11.525842552576481,2.4450362130292267,-3.5234508031051424,5.917862778874882,-5.481240654352428,5.6608771432843215,-2.893408120159071,5.388356348014506,2.403124194537765,1.2555272347484399,-0.4875260185161633,6.942427742440885,hungry
953.1186097591665,-14.74100227051637,-13.600172849102437,-28.247073277330056,-27.48273501910929,2.4861557642958814,-6.551772768784754,-5.586809829874838,-6.533589912545793,3.9086379491333663,-1.4962797753622794,-3.1147535387247434,-3.9302826594553055,5.652788588037308,-10.56636827993653,-2.092559003217236,1.694762605217575,4.859577853917894,1.3466864053319971,4.45020494242456,hungry
890.4610774099405,14.808275856034006,-25.85306391227464,-35.83600729976654,-28.423229216674297,5.525880988822742,-10.205299357333194,-4.636955452624195,-15.75273161944752,-0.5507722811264578,-1.742514511571963,-2.5437865091745575,-4.978819112019218,-0.566049215318493,-3.0740805172320673,-2.430190320277906,1.2392905423277936,3.2301115173121677,-0.43771424907613576,6.255967103139055,hungry
553.1208697711568,107.05549286154682,51.10813116761511,1.181567027704702,-8.530507533857373,0.2660231926735055,10.669065110673113,0.7600506705291309,-9.393249801935838,-15.369390636229404,-6.2969983948247235,-1.7632530583428843,0.9516023506958001,-4.782640952625341,-3.3892328839814994,-2.8571936657714345,2.2743279730564594,0.31787835112502544,1.100070414173678,-1.927227789863585,hungry
615.3982347432259,178.03818531639382,78.22829222553698,-27.420225369246165,-24.218194925040937,-1.727890719849063,43.24591286165309,16.312212961397613,-0.1205106222541042,-32.947257096772596,-10.154307561388402,-10.232484222994616,8.227249428097812,-13.311410479143678,-4.669621941971853,-16.497027353610697,1.9520980450221053,-10.326308385490153,-0.10408939275541189,-14.82126096215639,hungry
653.4942654151297,164.78182888731868,49.182206215248875,-50.778470498635706,-35.02421698741793,-3.520814339113647,27.70496304711263,-5.698290749938773,-14.469679343182927,-23.304897549823483,3.9268954819060675,-6.812639898823533,-5.825301145312401,-22.10403971905452,-1.7289732282491168,-3.2929939240275203,7.081963065132816,-9.803479461600215,-0.7416622722190158,-6.449069305935805,hungry
614.5036806060709,182.4209475429489,69.66352233589168,-29.657770956284317,-23.61706649926657,0.40264359875325917,26.757405132679988,-2.2414687900426378,-8.776637752999328,-16.409579454415265,5.276972874414987,-8.489109024112718,-10.06005700756167,-23.16149288867654,-1.2874568774304238,-1.328528815103697,5.864763544776126,-12.567293412196207,-4.2505400084250216,-6.6039928078721,hungry
726.0216642192854,33.189064199900116,4.910933838554684,-9.097918428664656,-5.50109676413801,-10.853430186482818,-11.984398797795404,-13.449386757422161,-8.672358419364945,-6.690666539251954,-12.647394252249194,-8.203829441224329,-10.076532061680735,-5.741035882423328,-9.857397945411188,-3.945216120692926,-7.083976576166234,-3.5505076810814145,-6.333044990308104,-3.8985518412690534,hungry
816.3458656238056,57.82417006521412,-7.096588789624108,18.79591245971828,-7.265939913276767,4.8092935593893635,-6.114524517273836,-15.549326052904362,-18.875948083366403,-20.048804294256055,-21.041948006443757,-6.2573166056125284,-7.060658148017833,-4.4539737341661425,-17.712065183480632,-13.34346541100477,-8.270472173828418,-8.264924062012142,-14.202145005361803,-7.229948962104587,hungry
821.6820109620044,20.91744623931899,-51.21190942667205,-11.72800020487853,-36.402222781565946,-10.327030475062486,-4.268611585802187,4.811724869353071,2.0719291506833715,-2.920133586881698,-24.89603989866791,-1.7068354518359603,-7.32726471051541,-9.102637510493818,8.530414282272519,8.956761403828201,-9.45690398803143,-3.569877367407752,-11.630362800392477,1.5882925153915646,hungry
652.764566447937,161.63103043642883,61.33507215422071,-28.003652491183406,-29.021200330344236,-9.485520375247024,14.143303634005228,-6.266399526444817,-9.934953205002317,-12.881073488454737,8.270408379378823,0.1227071792457608,-3.0769455829314714,-18.19966870006578,-4.904356281247479,-4.31312492203029,4.752738191606165,-6.708290669259848,-0.5465385242246271,-4.824613881313527,hungry
545.3057483597231,154.1175876955048,70.80609486490245,-3.7746282244135494,-8.005719278108216,9.304974883530125,30.688754969540984,16.001562014681316,9.246417507013339,3.213220109719105,17.60855012578645,11.573059468094085,6.9585589373895,-8.047007977233847,-0.40697743975732487,0.6488372475344151,7.949284486738327,-2.6075144993179484,-0.7117677383110267,-3.906705605062042,hungry
334.29863751290907,93.1371051390983,40.07159728014249,-3.0263593746657507,-7.960832448012926,3.9667267207546826,12.712653885620675,3.4755635379815506,-4.255334205277082,-4.920425931226008,4.0401876613925545,4.536607712542136,0.20392004148512047,-6.864264030035247,-3.5011827059386245,0.7986228517772428,4.315293561590375,-0.5757130428491045,-2.4476637043998597,-2.7859603213142705,hungry
478.3509329036733,59.65562565587718,28.072854851104072,-1.8950208049666417,-5.146815781399523,-0.6111721814913226,7.609824325084817,2.273370461178178,0.22033618090592025,-3.1597534653884547,2.3535472042030547,1.375458348773101,3.043286916962883,-0.5803513708297722,2.7581817656087133,1.7716767141955232,4.33148475265738,0.8190420262826427,2.3242774023646735,0.38304035703522205,hungry
630.8018021899029,187.8817735437381,81.59725329924419,-19.08640135103582,-26.134041051774712,-5.264976878244357,27.29345361359275,8.39240033429564,-2.1878076712215564,-16.285153590494094,4.72786792209458,3.863164544205949,9.035352080866144,-7.860168223493335,1.2593871256148885,-1.0255905729567434,11.04172682186362,-1.1379375321478338,2.023679845122589,-7.042792614268146,hungry
653.3690477263443,193.62595713604793,82.53678156643045,-25.95404292191563,-31.57485687325242,-8.70459305594177,32.21024116716458,16.191491216593985,9.40137717087335,-8.928822528936132,9.913087866858028,3.4479497805124604,10.115954755767978,-7.068864073130499,5.460358399998623,0.04440220856119236,11.298157264885312,-4.920575202207587,0.269904659695813,-9.45462023874079,hungry
490.6522409880943,162.93858139023942,68.25264446891558,-9.768232158518778,-7.312132185646566,11.594731667596712,24.388048322062687,-2.220979331701585,-9.928137992647413,-8.18793515340315,13.508365907403327,7.025909034119848,1.400871258221066,-10.116081556252807,3.789097824443462,5.3455669973304545,7.5391016396020065,-7.7177840792222785,-5.0162782586995585,-5.429743706941213,hungry
604.7691836234035,167.9806456645977,67.38518688839288,-23.942543064108925,-21.761936630747694,-2.16250333925836,22.56805878368288,-2.167834739064007,-7.810239805963495,-14.883047938844664,6.616004880915818,-2.8311208135918178,-3.4434583210694516,-18.196745403235365,-1.906067389650314,-2.174957423326972,7.02934686188731,-7.600342135675308,-1.0258731736023183,-5.059426779608184,hungry
419.5675977411231,83.60105936835076,45.548621693291906,11.037548849345132,1.495311970562125,3.761700627307459,6.749730821343445,-2.117920364384914,-9.794275581450126,-12.892224008307133,-6.004553605323174,-2.170796818798249,-0.30722389641489584,-3.4636885301752356,-1.777620615688842,-0.5381755199951408,2.359228555380102,-0.1992356001876988,-1.2545307052503136,-3.7195095876982776,hungry
342.25730740735435,151.38680436106765,57.903081255288186,-21.14521599778392,-20.819171876017233,0.7323251720799475,19.632096887918674,-2.783551702548253,-13.414695629469689,-16.73176063775705,3.9968710817513267,2.181754871610502,-0.4440917101735287,-14.422761939931414,-5.501101638769354,-3.7101639267275552,4.676141621833481,-3.849613104324437,-0.36077161077802816,-5.033077448142469,hungry
618.5160522964014,133.91364937710853,35.80974217221541,-49.4472352524399,-32.53340813558803,-8.560916624349094,15.285795095091174,-15.973918670632141,-16.806651538216,-17.330335033912192,12.128629579855431,0.7432800736983287,-0.6988710558612742,-18.366467406957938,-1.0271736547601258,-4.348525529749993,5.278078950989642,-9.111691029575246,1.213358918330307,-3.849213924183533,hungry
602.3300298689412,125.04889970743507,45.06876663256849,-30.681844880746304,-24.509531521830993,-6.923958075288866,18.65872539698965,-2.2161708726123583,-5.698182618407564,-14.606503212387489,5.5048698582937865,-1.7812806587868673,1.4981327210921371,-12.98324729648913,-0.5008633820720491,-4.902356430848111,4.013141306440884,-8.667071426283494,-1.5324210039780397,-8.424858599378135,hungry
577.7065734414198,73.57592498349845,30.264378592710823,-16.238784407377587,-22.16131822060094,-15.74807238064445,4.527747416290313,4.186801006543828,7.760564763912597,1.3628530719481828,7.994039312612956,2.254792175893207,3.239184582076117,-6.605256336232698,-2.76139373752583,-5.723324971043099,1.379377244757306,-2.9602399583410794,1.6214231727516422,-2.7000296898271214,hungry
671.4325061992944,165.60653020559485,63.987179134102576,-25.32661784012657,-22.77766764687698,2.199822393006929,30.814570751441806,7.128747592827576,-6.013872966887164,-17.91269320444202,3.351508684321077,1.081546138686092,1.784297398525993,-17.04134522969061,-9.680762796455769,-10.532888338534624,2.569499920631396,-5.874168628198481,-1.1206742349374696,-8.51728980355953,hungry
537.2136224349852,171.85736839424135,76.01440181792921,-12.564468193144979,-15.7645249925031,4.473372606889686,30.51332790558409,7.4446846597881535,-7.037663100072438,-19.959271501833783,1.525408686656392,2.5881678409139446,5.264007312462787,-13.381674085114971,-7.167034095291172,-7.505411529468235,6.034020077997928,-3.272423587455452,-1.2138093022601657,-9.800077279265274,hungry
607.9588260279735,184.69086382636917,71.34735330594448,-35.0653058063161,-30.32340568571766,-2.226229348109894,35.84804787674537,7.914269172325484,-6.2257674311124225,-25.04267148995844,1.1520857506056565,-0.3951386591068442,7.517168126164741,-13.899911817083414,-4.492476292521125,-10.729396174551326,4.28851840713509,-7.700608877970169,0.17276261429211104,-10.285136983631785,hungry
644.9026360756224,184.25772645604815,57.197222120847535,-56.284697953022544,-42.65799050418983,-8.006056348134116,32.11204385919449,0.505318203057949,-7.786275961897593,-19.243749184616686,11.724278147947178,2.264530510310664,3.0377422189970815,-21.52768927755973,-6.168045370605008,-9.836436484225654,6.1133028935696805,-8.544881370177844,1.384425775105768,-7.866721893241574,hungry
630.2307136245761,165.95760891391683,56.5356195818488,-42.8419038434483,-35.915995656501146,-8.29990075321957,24.837794035669074,-3.3719902361452263,-14.681219343385184,-26.563895682864892,1.481806143512402,-1.1889314245319695,2.0778313434290747,-19.536554374410528,-8.761346090642713,-11.041161829834918,4.696411032839889,-6.2558658001527885,1.2160563897159256,-7.234466047133005,hungry
667.3971834558952,186.8490152310164,56.52195218783816,-64.29497219040239,-43.85509013483494,-4.772473274467366,43.77886234774674,5.3349305426161635,-9.501298071602251,-32.68298587746915,0.9653274920592189,-5.496689832764633,4.680455474928587,-21.96142110550587,-7.3209007807552355,-17.687984860863093,0.7934429398318337,-13.68786575144516,2.4071592497579126,-7.511121127954639,hungry
623.5824562332548,186.65370431928486,60.618739753264705,-53.75994892444968,-40.972605552595454,-7.861230153369681,31.09644246734033,-3.6345226798906265,-14.573381700618206,-26.755585266609852,8.054255785263672,3.155816163208353,6.635111355882935,-19.259564024486636,-5.650947680982134,-10.39609776614619,5.735088896298895,-10.062352981993769,-1.545063417365312,-11.74800669946723,hungry
608.6729749937788,183.90355422784856,70.76815291977812,-26.18846557577989,-17.55206856679549,5.6124249374278525,26.05190445900928,-8.53417390757856,-15.49066893346569,-17.118691088266097,11.280335113871326,0.8307704991470518,-2.9558784648054326,-20.457006170416104,-3.264091198926772,-4.845517671476239,3.2994817926632987,-11.582412761144491,-1.5126352223638624,-4.37206296300649,hungry
626.3147057210629,140.0303852337175,70.95164209179094,-0.7822355354148539,-8.310743865904914,-5.100506565277212,10.689533480686173,-7.9838258037318015,-9.812118814463775,-14.967096941303526,6.363189207750739,3.6338290726559976,5.502606683700828,-12.448605318429799,-6.303636459903582,-9.459626715967707,2.2889245812375134,-7.382231918856766,-3.7011103558657092,-11.655128921123202,hungry
635.9263554249334,169.8400912139718,90.04412744412406,18.282566878423058,8.353106517479238,18.58507903308087,30.81370610784566,12.157145134743237,1.2743256381228245,-4.971058579745259,9.051061427693268,7.938592334911668,7.314473422794496,-3.5124576799890463,2.097706651463595,1.0132441189900965,5.229732985403949,-3.7438865542515023,-1.2614088681772049,-3.0131019827955514,hungry
657.565819500003,147.68314096515894,46.81313250088295,-28.288602692900007,-14.437257500383085,15.001630493244832,28.376533464652066,-3.2577796976408178,-14.300202751970787,-10.268757342414569,13.579784539808298,7.003807374066925,-0.4497168469218045,-10.46894818645671,5.904000513967121,9.534392737856836,10.406605553454511,-5.346158529895969,-3.2190908875025084,-2.8939575892780316,hungry
704.2405545354604,184.63505160441818,66.24793138634607,-33.50504684804735,-22.477356314026014,1.4178055235036935,23.9815364403927,-9.357508015492243,-10.680282895353859,-8.709357684848518,20.518907922545054,4.976903010860366,-2.185505429465515,-21.466771245167745,-2.9106664868790046,-6.140989087784695,0.33835662678335576,-16.11555889077974,-3.1037749826192313,-2.9162282475018335,hungry
433.7430922743792,115.41254447074876,52.2338195880887,-3.0897480239828767,-10.436809611432848,0.8357835137761596,12.991288071368572,1.5237323785666363,-6.648447477692845,-10.068875721624325,1.9760891926119315,4.145090821154306,4.149813218445328,-4.123624671674162,-1.0896883723897715,-0.14703983160187156,4.815439559617546,-0.11505515202175741,-0.02269525491262453,-3.0578413338828137,hungry
468.9467382446799,67.22134308172922,34.98650918900544,5.0977677564707395,-1.0124938776482446,2.253863826723168,7.278394049497907,0.30558325775453515,-4.866178146986594,-7.559857206964493,-0.5624670939831178,2.2643659569698724,3.581961653542085,-1.6497560284260138,-1.818095854936572,-2.032270586913046,2.0298786861293383,0.9832995154002906,0.929372137360007,-2.4102190003068986,hungry
530.5767195420134,162.85151836446934,61.50882121470386,-40.416775596616105,-48.06973776833733,-29.287146185483916,9.471134414599659,-4.210689509535105,-9.485163213783402,-26.044460766246676,-4.398566766100623,-3.565305259574693,8.77033207138976,-7.521446859625223,-0.5346268450723252,-8.93861837420048,4.778217786618076,-3.7902287070073655,4.725256842042292,-6.841473758515333,hungry
522.7134159986948,131.92980137781228,59.78380979005044,-14.626747179842493,-22.739235938612985,-13.688805954085975,9.962954243455513,-3.8820658910036454,-9.847274925337096,-22.587989754661546,-5.87714207357748,-4.139049425356427,5.598157312115749,-6.48364917194436,-1.4323162436859582,-7.25382840665772,3.3982403914736,-2.9114802603620826,2.7532885962693707,-6.260388369930464,hungry
556.3756893058423,106.86146101904554,53.54602107903688,-0.41302771608190925,-12.274490686415533,-8.101451149044896,5.855998106061295,-1.7265645927421525,-6.770503779896346,-14.746424146483605,-5.519751864741268,-3.984116096734054,0.7219620657110697,-6.966002962604342,-4.6900377018527815,-7.042343983067138,-0.14443908733171934,-3.099668704451922,0.19433699668033513,-4.243670573202108,hungry
569.0739693859052,115.24525059782258,52.10534299920693,-6.531436111464156,-8.503994985884148,4.053629017968131,20.098675070943187,2.217805909173208,-10.633067689356059,-22.931349150273572,-9.930022905702296,-7.014430381731927,-0.013872929915247438,-8.67373594038731,-4.642151762387908,-8.34938128926888,-1.6036276263707898,-6.807445681496395,-2.110408844850651,-6.185568478584348,hungry
616.6173598380985,155.45507150360618,61.78988388024326,-29.64200300758011,-27.964828717047496,-8.497759919950331,23.095564725739354,0.1329715619019075,-7.971636389713065,-21.836437327149923,1.786064043998753,-2.2357393908276655,1.9133676450380188,-18.148269911447702,-6.454223114299385,-6.306508443276478,11.704583175777415,0.8864942561050801,4.2183736940747085,-8.960612149287943,hungry
640.7852937697506,200.4668777067999,57.68938322569147,-65.96552043502263,-31.73715489250927,4.629887106789215,38.70975385624581,-15.836356055012448,-20.505526939730355,-28.089633547278815,12.919234428665616,-6.576591398468505,-1.2396659969848525,-20.719266296898596,9.285853697608632,-2.7327564241905358,5.276877463392343,-19.679442613725122,-0.8551197521521534,-8.566558747427234,hungry
587.9292275291579,201.11722113839872,76.01663735261621,-32.611607967298916,-26.72496986625956,2.2686430468125507,32.41661023984876,2.9239104015847923,-4.469213755738401,-9.65572575173154,17.76506360474863,8.365291968153471,6.651526911812751,-10.65050146892671,6.398064496790513,3.5207798971075945,10.11508362949797,-7.816897423115585,0.4188898047158909,-2.830872370346746,hungry
649.5442663905317,191.47283783571706,73.48822526202031,-35.53584703560029,-33.87563200846304,-9.63568263508937,23.40969939085989,-3.7764669657170282,-11.16398577256935,-21.20176681127693,6.804882199832643,1.3046077277797101,5.499782120696064,-12.891133268701488,1.9198935994076995,-2.745236553762138,8.067469934923716,-7.401511446018948,2.1624209335292917,-3.6697260236993614,hungry
547.8553187657983,145.98781343801718,67.38045152957326,-2.009040731970809,-2.4802224656781116,11.708832228461308,25.600902035722324,2.5455865135993774,-6.345951281293487,-8.833856399046393,12.740385886163462,11.508233608012508,7.94530022296979,-10.23822838081402,-6.031178481579042,-5.907201704375172,4.489451349118048,-2.1037471041169042,0.8564491817543136,-4.740780908154946,hungry
270.2160917906351,44.402157413205025,22.542462650376567,5.136088142963534,1.3228317400480765,6.013264222095668,9.022832740486157,6.064327957245216,1.7705920232696912,1.189131725225904,3.904506779659758,5.148587606818564,3.048552542057809,0.06637519195696541,-0.3411125026244192,1.3037921527991363,2.232391967617946,0.9206436829617636,-0.7011498804412301,-0.6597305705114694,hungry
266.8394283647757,61.399860115010554,29.503393040743685,4.453895930110258,-0.3313416738822148,6.876259542937212,11.095047220054454,6.210907071430267,-0.18353592507438768,-0.7975366411935703,3.6446476432268153,5.727377099370106,3.128797342649277,-0.5291462494724001,-0.14026641650906962,2.8611704169414836,4.413525180387347,2.2302607161627095,-0.4194152828030091,-0.819692115058207,hungry
408.3800950345106,127.55157994217384,43.81117922611013,-26.675624460288486,-26.15651266502982,-2.6367942154986315,19.116981476020012,2.3013068410740023,-9.429215532351112,-14.794211761740128,3.3868021841094498,5.046839407811859,3.397143247956554,-10.805093385103442,-5.837134178194971,-3.1925859369509455,5.8992751596143105,-1.5169512716313156,-1.7822206434828827,-6.487424241898131,hungry
609.5053948378976,152.12609682480146,65.85555619214415,-16.92430163098364,-17.905968806060564,2.6884983906138213,33.96277511969799,15.925985623876528,2.6515124049046475,-17.518950176872156,-3.2916227731028576,-5.284769511990513,1.4394366895961415,-15.648091688843584,-12.528083646409868,-20.697576839701696,-9.247067480135343,-14.762324142872158,-4.551482903612824,-10.91705443871017,hungry
611.915113733345,171.94891938863506,44.213366969024214,-67.37853659117197,-41.13851724240741,-7.981816444638417,25.261366659566306,-18.321008011863384,-21.1673730951762,-25.304680379450716,13.760728552078348,-0.6197560473374755,1.0396924310876021,-21.20325798907256,2.770840350905948,-3.010982777231821,10.048975201267028,-10.03742166395951,3.000447066755622,-6.52673029644269,hungry
431.51415108326034,98.13591072226134,42.87469084467297,-11.316739564830355,-18.71453081871807,-11.236828398142226,5.2534147312479424,-1.951173940516264,-4.202616891740532,-10.846170098862478,-2.341779348417392,-6.473831034366627,-5.507519976233249,-13.200150025313915,-5.322179107619229,-3.967367721794376,3.6870829442600668,-2.514971649374411,-0.0828939336524056,-3.761433605674849,hungry
540.7294865388068,122.80648374067813,54.312598817748544,-11.583054898980885,-14.029467377854019,-6.332095573367693,7.826207162769868,-11.692395006957398,-14.968215569150077,-18.980756345896182,-0.4345795082140525,-4.962443246209028,-3.9951029985319986,-16.108697148992032,-4.797315940350959,-4.230487203719285,5.400068689304789,-4.654995298801168,-1.1979454594893768,-7.311163960006236,hungry
476.6369380987226,101.11720569780016,44.03105182146445,-3.070384845260511,-2.099354178423025,9.740327934635722,17.17724549676341,-0.5220927057613891,-8.736225540086853,-9.450728052900711,5.079242765513799,5.159519332810418,3.202969806909149,-5.930569443679758,-1.5666346231481456,-1.3604228043110307,2.2635340045666403,-3.868865040466734,-2.2366810044305607,-3.7508322328050854,hungry
464.09715566844136,150.50980779845833,83.674917012236,9.071871471017497,-12.921597070915595,-15.122468306386391,4.321478072761795,-1.4638465525203983,-2.660177916039873,-15.54464768143015,-7.141087195870275,-9.373442436861426,-0.3575769464835017,-7.533964359687985,-1.158628822384312,-7.282735232317166,-1.0317254595993932,-9.125833500943175,-3.6662540779658777,-8.811151996149407,hungry
435.2423879546004,123.64815863031535,62.6959396212496,7.307204502426086,-3.880866767800992,2.349392451619136,11.19901660066651,-0.32331532953138964,-6.733851409958237,-8.750417948884344,2.609117346720009,1.868854194705011,-1.6565901372671297,-12.170690767470935,-8.841388781788103,-6.50126758324741,-0.25594050452114153,-4.930593380986894,-3.5560653130612705,-4.377449274053614,hungry
376.5918297576265,136.13725392311363,52.736179829455814,-12.608003560556163,-13.184559124752909,9.157649810914272,23.366903180957692,5.293907751298374,-7.623884174078738,-9.203704183010096,5.977807393599748,6.387226121711531,1.669712019560714,-8.066470831029548,-1.9410870334957109,2.040981903614048,6.102182836754222,-1.3693227714673017,-1.7646460096411807,-2.5577516112936824,hungry
538.7088906463558,106.07664603001545,43.36344071419367,-8.698820294308824,-3.902663818778296,11.792045146704734,23.466787620964837,3.3040594523867512,-6.6003984197102925,-11.448039226766848,1.4520521358134977,-3.840241277927726,-8.750981374903972,-20.565163736247296,-12.080911539541667,-7.6591754731192285,1.4012759647215336,-4.737715685476097,-2.9425062262049173,-6.229638424829746,hungry
467.11337478436377,124.889620176023,46.54871557515886,-17.519082822040776,-14.548315058365143,7.105347075611744,24.213420833387456,5.423423415272936,-5.926950482457873,-10.77467006200958,3.7920538601088754,0.6553936875925678,-3.666181363246617,-15.274206113428571,-6.65771088851219,-1.7311002146738192,6.506653003571488,-1.1826853887832252,-1.2683426079266011,-5.004816820419057,hungry
478.7841782951474,129.80135735405761,56.91456792231571,-5.805412352004718,-6.793783479551732,8.648737395166414,22.981548474486587,4.655789457660737,-5.287882726594318,-11.493096575051718,0.35587164043993236,-5.588968560607899,-10.208187537241342,-21.079971188561156,-10.706157555908057,-5.346093463731184,3.0834754824883497,-5.534329600417414,-5.066297850217214,-7.843908226736644,hungry
610.6125955591339,111.87549533201079,32.23488612399242,-38.180251804129405,-25.98856026143584,-7.600629520614696,12.175687099667014,-12.316626784653465,-11.973226211752603,-11.830555835689562,12.301105723395942,1.822370253467239,-1.7453551317593488,-18.07183373635682,-3.050914908285467,-2.5396652709595564,7.367591802933763,-6.366272486291188,-2.5554246954244015,-9.286162874902299,hungry
379.37144896318534,138.8234173380507,48.36633189784524,-20.763977723049113,-6.6606439730054445,17.451074101800177,28.336590139028885,-3.800874731155486,-13.11563822960729,-10.124401634542176,13.273230242548513,6.30892830396088,0.34487380955913643,-11.07777323227681,2.594122157833541,3.1934152452878366,5.649364761441677,-6.465456687330913,-0.7174758776244653,-0.43712681960772093,hungry
462.93421278692597,73.29787706520797,38.644580013708726,10.90968610188412,6.986108653749279,12.959596692156133,15.394516322803158,6.614991052333976,-0.6989390136497194,-2.440147424319274,2.1348734409508476,2.787868632269105,1.7324937534509546,0.13143042653239911,3.6407617685863904,6.03031133893999,6.659759169559568,3.206076028990878,2.1988743920852847,2.0983115331397357,hungry
540.9577098407375,162.80651442289923,65.8271438142548,-24.155742617805814,-26.15083284732705,-5.243009829110587,24.180464979742215,4.555683373384156,-6.507098965879415,-23.311583050670162,-9.634031378161172,-15.691552336893945,-8.384491211976734,-15.337776512651162,2.2360355882257306,0.9115139868223525,7.572766614085811,-7.717570383153344,-1.5056891854289747,-4.607311376688103,hungry
540.9929932712986,134.60915050464854,63.10313765397562,-8.858885475794958,-18.049799854825316,-9.397594663553088,12.530248247179378,1.3388485246288737,-2.722671598858052,-14.7705909174904,-5.0645004258564725,-12.008016308794305,-9.477939368261424,-19.73533906143448,-9.057102447953316,-8.719131268937693,2.3224295005624023,-4.809411737950468,0.6548922051094893,-4.923739236103007,hungry
562.3649018520986,135.81214353922252,64.09173926205136,-11.430621027693132,-22.223248096797544,-16.50867895392325,6.102938116203341,-5.788119196110569,-7.177677215173333,-16.65092975037322,-0.44576506614501155,-4.360107101664509,-1.2959682220422377,-17.343097090549904,-10.336305761962983,-11.629364710321976,3.1697249897251853,-2.6865474119504196,2.5387857125753213,-7.09897646872233,hungry
529.3406810096251,75.95068220034881,35.61567107291975,-3.00799892797074,-9.982289667139838,-3.566856511807646,8.14672843001863,3.259037208123784,-2.1735148575753276,-9.503273939538614,-5.0820199431319635,-4.552510543455471,-1.115001443642008,-4.321222155692644,-0.7019635458900982,-0.7434938566834906,3.223620682997732,-0.19899447322800642,0.4789111778498616,-2.615864885945451,hungry
598.5767109701774,121.1856205016418,57.014859183995476,-8.295452774414814,-15.420149205023025,-7.247857450939807,12.271672477978804,-2.0348614034429096,-10.321502769213662,-23.78009509082496,-10.780464971781072,-10.027322712298798,-1.915961884673723,-11.9837795605824,-6.068499900317631,-9.172560536140086,1.7674509471178723,-3.054634476089156,2.4838608735816776,-4.9220947012922025,hungry
440.54005485753606,121.38437875824565,53.791524407381566,-16.041060717929845,-20.978625054949354,-10.994245004610502,13.701184818774056,1.542472097572834,-2.904033185359761,-17.382856163071807,-5.176619882864201,-7.668039045767346,2.0240997519611255,-7.064499918517212,0.10637198581054498,-7.435660274690162,-0.14808405022791515,-7.630885973250596,0.299233121184229,-5.7068420454399496,belly_pain
637.8928677128254,38.42685389012067,-19.57341716877089,-8.295807084183094,-19.08787887296673,-19.339636143100606,-16.694018233382348,-14.295869470644034,-14.658417292752805,-14.466267776333197,-15.466559887424564,-7.020198033090047,-10.439179589924846,4.887202237257307,5.070940515575819,-3.111728198475281,-9.238773174235048,-4.8649041003685864,-6.447186107145706,-6.60945033399886,belly_pain
717.5546452886035,41.77836140748452,-26.64577266528914,-17.83406571840495,-29.084252711177147,-16.71441455052689,-19.66849815516634,-15.11485856839707,-17.23432639464066,-9.661560363701165,-10.691087883724023,-6.5651154986860005,-10.446559840623674,-3.2087828885451652,-7.085915686250794,-3.4649696249366078,-1.2124891037993322,-2.06141248138669,-7.2536328830279,-2.0049162988468265,belly_pain
769.1921927338591,35.87653614945913,-35.22908983235331,-20.087469538461033,-29.121034218011268,-21.324640598025955,-22.387120448663552,-8.064093886874215,-21.70666399780273,-13.88567292237428,-8.505553843018422,-0.13246884770638076,-0.6432790420713732,-1.7929504890375423,-10.286123395690922,-3.4964591095774495,-5.24910103894968,-2.4884349702898363,-7.487371035388195,-2.589245736022138,belly_pain
850.2205757435845,41.75073736830173,-15.136597489472173,-21.789590756315718,-37.22490137451034,-26.08399332971754,-20.842268606389354,-14.546900715488983,-14.981940547689879,-10.887065676312199,-10.15853065277973,-4.346590085288979,-6.528755549687521,-5.547648431385859,-14.652991262393371,-10.65159103977311,-9.595560468514284,-3.9413571705738324,-6.75695609947343,0.8711015002815359,belly_pain
768.7168627576423,12.286330574188497,-23.774859281264554,-21.095437866424653,-25.712904697680358,-8.21864192174964,-15.896547566337668,-3.5401509829104243,-15.873191838246319,-9.256998536574713,-9.103107132890587,-4.828219292879905,-2.453319959349709,-1.0177467685338182,1.5207315175526153,0.5564003399692622,-6.036155036950919,-3.851856972211776,-6.774161801677056,-2.5457758399669035,belly_pain
735.6620075397766,35.96877418093349,-8.508418567217038,-21.856732459364267,-26.96807395420273,-26.799406376867896,-24.480299833851877,-19.031469944071414,-16.214440149036268,-14.595104394011145,-7.191837889402734,7.341651257921058,5.7059675977017035,0.7460640900665555,-3.3403232986777094,-3.729124511439379,-7.707688397792765,-6.287697658300998,-10.740484530822705,-4.498868592277481,belly_pain
647.2998971118158,62.808082072483145,-15.66387303878661,-15.977383011389247,-25.64239569416847,-19.05748382859442,-22.404472481181077,-15.582700758758273,-8.043988597990813,-8.955858411432473,-9.613370149096838,-3.2104413553987876,-2.4101348215830027,2.9498744624467106,-0.26182252194704,-2.554350107952625,-0.8567953964718134,-1.571162482954253,-5.525205999225115,-5.173398738382014,belly_pain
738.4493012455424,18.541218479506423,0.6882139420839466,-34.20520115019819,-21.65947055480299,-24.454399565573148,-19.108223018401713,-14.698355516836866,-15.29309379664015,-8.801237675035527,-2.7222607957135936,9.4296834419492,11.124145708754474,8.133079038220504,-2.4094367582780163,-3.6164840998094334,-2.967028352096226,-3.6776705388735134,-5.039098105903434,-3.4132302688319713,belly_pain
902.4236843596725,28.296004260128587,-32.92665067455175,-32.28136917559372,-23.559892293851412,-12.247206576754818,-2.1667656452532036,-4.802995082211773,-10.814644814315132,-7.158371408412739,-10.734648651561168,-1.172116287057809,3.5531933493351398,14.648764134185374,6.167604218710695,-1.6660193467018967,-7.542042175548118,-1.3461230504010957,-0.9751014918277447,-3.8167581913868704,belly_pain
493.9040440037862,158.42984775614602,68.03778245025418,-26.53356397350825,-32.83021003167962,-16.1346635915,23.535064881523706,11.79318502239925,5.409937924378741,-19.957484015951383,-9.718951611179037,-16.767244949011133,-2.940131218479949,-12.407918597925015,1.751439239716968,-5.242018087207985,6.371845597600372,-5.401260226963506,3.5602530170665423,-6.031677889065791,belly_pain
490.43010057332526,110.40930015998084,47.978800738508895,-5.2223035196945595,-4.743814596214384,10.961092127976245,25.280859749490855,9.637895648522179,-1.042122984921022,-7.690603667181099,4.4524983954946356,4.4102259333557114,4.035481296779009,-6.236759392161717,-2.2477776866335644,-1.4310458350839825,5.778135823568929,1.2677404125493539,2.8033013144543313,-1.5345200706201918,belly_pain
738.6872574525793,31.41284378189047,-22.405149748400305,-3.9811545233294274,-26.76470811505095,-10.780621885512872,-14.795212453789985,-5.433249813480592,-12.054105790913258,-3.566093893004779,-9.23566173107512,-11.124380301053156,-6.992046784304595,-5.1783631844817775,-7.137157334995747,-0.2910655904089151,-3.132366131598573,-0.6702702363452253,0.4515955740378191,0.9951165912089965,belly_pain
714.4310548949979,39.68482168049068,0.6501087932712923,-3.7645970752044824,-23.74329229632014,-12.955085038883237,-24.840455746609738,-16.698571565502203,-17.700728030472145,-14.465752570811068,-13.585823590802287,-9.840846851835702,-13.363586885291086,-1.715953737621124,1.6998263663523792,6.694668988679373,1.9785767423420222,-0.16189705678404995,-3.0388440277051094,-1.0833090933212448,belly_pain
621.6054203646844,65.56151043524015,5.334073381492229,-10.364963044422707,-17.485056990638572,-11.836058338018066,-22.275859429634554,-10.624130706695603,-18.908514634901053,-13.079490750172813,-5.440286841993536,-7.54398830657309,-6.519327562218844,-6.142254088808473,-4.13144151846176,0.02286488359562735,-2.160043705285311,3.323494743461657,-0.7627320245087893,-1.9668415231055907,belly_pain
870.4975867554008,37.090702351455896,-12.662239839953333,-20.725512235459906,-27.895815471688735,-13.248306677966257,-13.939147009052578,-5.6724459968056635,0.3002479973316447,-5.3652752998801745,-7.901418301131475,-5.784192005422992,-10.184615671952013,-6.089668676185746,-4.493729189078501,2.0486460179167096,8.34569175765636,10.230947467871154,7.398187622726455,-1.6649029609849306,belly_pain
632.8360596309136,58.06996634713372,-12.184185782481851,-6.017223574434369,-23.502557345283662,-8.928789650649259,-18.14090871039975,-8.5046573466416,-14.680750050535512,-10.396299713151505,-11.503895346518911,-8.572662111469043,-12.4205787431874,-7.365055157356591,-8.276515192253681,-5.209137662097451,-5.9220386076905775,-1.7007416124075598,-3.2223234139451424,-3.734468923159969,belly_pain
615.4356665341926,49.4163730810181,-8.580560623970868,-6.111364892008229,-14.066123038175336,-5.106007783398511,-21.89559625312814,-9.380005604676983,-14.309488155563653,-9.832629223467041,-12.328382649499192,-8.730510158413171,-14.721474302246886,-9.029105533481662,-7.779516396384087,-7.15012047991327,-3.745083609337763,4.4311748217471525,5.498793049132565,-0.46694951934843265,belly_pain
682.808156240766,64.88804289760115,-19.468087459851976,-7.797792797215673,-23.855620888695977,-13.534367723283014,-21.286233486514934,-9.392960308098262,-16.158498879865625,-11.042052564556146,-14.077767419701821,-8.94670323206756,-9.539219592267386,-6.4604878786066005,-7.134143349631934,-7.002567733363389,-5.815099567432544,-2.7056773334408595,-5.454647679088353,-3.346672691448683,belly_pain
733.8544693545906,59.38699229576931,-24.617516832273868,-13.352958093653132,-21.729733701596167,-16.986886427565096,-19.673983115960358,-17.100658829216474,-14.138173314619971,-7.2054595855599315,-14.528521349695907,-13.791345407410937,-10.909756434964423,-3.338427237313133,-3.125385908948728,0.4321973750297205,-0.9451645210288152,-3.1108447186147594,-7.374611826330304,-3.1458931893507365,belly_pain
781.7561553474394,19.460602699146513,-25.53391261386938,-16.448625427756344,-19.378606803702194,-11.193516213217736,-21.96848450119631,-10.154883765767,-16.29387798540414,-4.471654389122634,-2.428523808893314,6.298197257744462,-7.384390916761773,-7.863813414199343,-9.34793698959516,-5.641837148971485,-9.57085600001915,-3.946835596549391,-4.02018043809863,-1.82187324116031,belly_pain
513.7207938422647,182.15306462574193,60.3632440109073,-51.18976956440742,-41.67804603611283,-11.903208310609445,25.15714687971333,-7.097722934623786,-16.940903286805806,-29.21538470202201,3.6320427261246215,0.6242433676810729,8.575315469277,-11.55921589100445,3.0733550669392478,-4.489206954345136,6.728220049898619,-10.803323649285494,-1.2303318243600252,-9.101705776371505,belly_pain
550.3712608142865,179.68109828517444,53.50267602307807,-60.33935819608584,-45.34038848255484,-11.424971659830682,27.368454826563188,-9.20542872719612,-21.232514352813208,-34.85701699321533,0.4400690293322839,-1.8838793315706015,8.490273644318917,-10.878130273012633,5.638825694608682,-3.455352310490908,7.001870933823023,-11.786297901651526,-0.018680266127600282,-7.094746619977059,belly_pain
678.7770228915832,187.2019397190294,42.68137931401343,-84.58493789305217,-53.3963487547264,-6.787425423120858,42.75739792339287,-2.218173751471752,-14.632100768696198,-33.344171889918485,5.373233620866781,-3.2409053728736863,10.410795497785543,-10.26772547959066,11.547323623626195,-4.180458089131557,4.74571837847487,-19.13393293301645,-2.115227261421766,-10.40681015036575,belly_pain
943.3821544902291,-62.0960677092558,-29.125005060449595,-16.699864283178854,-8.410231603109919,11.049842433363011,-29.987732452523133,4.127788205513473,-5.343027151637202,-3.1825303436872954,-6.297067626297126,-0.08937757643273035,-5.571544869902661,-9.230918040286298,-7.478738386173854,-0.7082696496938232,-2.329362132459395,-4.562878914004164,-5.886533718503394,1.0416394388914003,burping
777.4368060602535,6.132692804657979,-17.209029409258246,12.804330318147434,-22.700595941195246,-5.888943560486953,-9.204924182819587,-19.134638002477057,-16.588554026015025,0.821507000250666,10.024014490498121,3.8618066022739796,-15.538313019940679,-19.849405489740096,-0.39009842023888763,-0.6969703847527288,-14.499750159927911,-0.7482810576954243,1.4545249532758564,0.4466035504384394,burping
765.2876145914853,39.807321772682805,-26.92972832788843,-1.7538069957479738,-16.317905685120596,-4.146805682679669,-18.401936522387874,-11.762089392174325,-14.321112200491417,-9.835013603197709,-15.583279851255096,-13.639264626368226,-14.070641638012766,-9.555756340187443,-12.795063464316764,-8.086240525219262,-9.895255615480414,-6.478109141610892,-6.553625466167291,-3.433169608054222,burping
851.2853543718988,6.44254630193272,-26.76591409017646,-11.608747691816431,-28.526160752060225,1.13492319983907,-17.31375356054858,-4.890040929054116,-9.223733871129474,0.5205565553570443,-4.149720480696121,-1.4065115162983597,-5.517353083494228,-3.5463861091850997,-0.7558920670068917,0.9771951094643794,-4.924267188136247,-2.438123434409126,-1.1655031449741786,-0.7542961313327604,burping
924.0122155281198,-22.162702881288123,-46.88413430823894,1.9965035867296328,-11.737104101153514,13.064218358874234,-21.046954058864408,-3.899486687473082,-13.17508841264834,7.84478505854475,0.4623654625144222,-0.59869830445127,-2.5645390127359664,-0.23856737331217553,1.599693602714708,-2.0234890573041344,-5.5973371220998915,0.37361602720778936,0.6499747788640604,3.1748687399842077,burping
820.3461929476064,5.3182069399377045,12.17252197559195,-7.333105138220216,-26.839668978909586,-1.2787644289170987,-21.329455993031008,-4.1023288251525285,-20.667280957318383,-9.508520314752127,-12.136399710173968,-4.940460762159016,-13.537627311538127,-2.98128828250797,-9.040942185117306,-1.7814778984227346,-6.7843103811949605,-3.5200646178953408,-5.155905059240993,-3.3097755337635744,burping
963.0970007873968,-29.323929297974107,-24.942778700947603,8.811626335133306,-51.683419289687194,-8.687796774421626,-18.074026721735603,2.801449817911026,-22.75624890598075,4.781372357031482,-10.288051387007657,10.93206052633025,1.3109872729665037,5.588559162537366,-1.6548721352429672,3.27644233222892,-6.745519785622559,-7.482427590955059,-7.723575176153866,-2.42237948317079,burping
963.4305484306599,-29.25848581045791,-25.075663165748885,8.816215243130731,-51.72150256678881,-8.593007021467855,-18.021232558424884,2.903179500320683,-22.70386987135295,4.850208276493764,-10.256202936431801,10.963356054960133,1.3354434143873177,5.6104562383704994,-1.6391750584698876,3.3060984166887577,-6.705968962500443,-7.457790760428074,-7.68065841841636,-2.3807025038385157,burping
750.965445999077,66.95843184322587,-36.97323174136593,9.379181552884381,-34.64211718332679,-3.57348975118124,-13.740945471443013,-21.502595659343655,-18.23851531189089,5.2250103198243965,-15.232059765275311,0.7960096210137868,-2.9925281861620143,-3.7936093665259034,4.995244040693711,1.6843541215996556,-0.7036583516035185,-1.5260793548335143,2.4232235907443793,-2.563362179083381,burping
706.8552463244846,75.65916882560121,1.0613658280219376,-3.9490187023097225,-24.85182056665897,-16.25416510081565,-20.03745014717522,-19.367783338817258,-8.373522807350966,-16.69913609056692,-13.114899286209655,-4.368289109952286,-2.7703967849978617,-2.3709724812508424,0.020585903233697307,4.675738135572545,6.1338750170499905,4.5260796733563895,-4.693602417478104,-11.28840828423064,burping
943.7644864280587,-61.99637025407023,-29.027496882149435,-16.501621940496644,-8.270811973716224,11.262172428699799,-29.79205107457433,4.3845533831173675,-5.178250631266184,-3.0125998244060637,-6.131270219936038,0.07857936900256039,-5.445535641293891,-9.070211180650103,-7.3345349314988795,-0.541034805788167,-2.1736543667539756,-4.412904665747855,-5.732838093698616,1.2014138322458754,burping
743.5370039284264,31.085772052531446,-24.268735951036017,10.18815164454146,-2.605411318141334,-6.5913332866025,-15.658409401121514,-0.9262393239976484,-6.182754940998466,-18.499629251308697,-8.395555706374312,-8.909768749545833,3.707369563686912,8.504881240397811,0.51993002306266,-2.5296063255708683,-16.18326429726181,-11.863281786660302,-1.2704726353829763,-0.4038528745174329,burping
728.5026402416714,69.12621091669028,-27.211655893773447,-0.6729675084218795,-10.938562165242631,-5.936627356668765,-8.239550215780893,-6.4423516423680045,-12.41734430131665,-10.616376677985855,-9.481170254584324,-8.180721074426526,-11.151992296735315,-7.677046406396933,-14.41481570375321,-7.310565240307564,-10.448772480453403,-7.024834491610338,-8.4945291815704,-7.711885884551484,burping
802.3854634893714,33.35713107279174,-27.5583394917577,-5.382512846309686,-12.683124465894963,-21.359449697437466,-0.5949630940158744,-7.575503413051144,-7.669152297154573,-6.477932577824354,-3.1298650901185905,-3.8619204892549552,-0.709347951720884,-1.5845991058490727,-3.4076057604509766,-1.5859379653459797,-4.581487316949645,-2.8965708131125707,-0.4635912374512504,0.4973164335310904,burping
739.7847924054419,62.38183358917377,-11.110168102050148,-23.75626481193292,-27.092389569153617,-25.375036616266236,-17.00786721812172,-16.801257154960823,-16.200719680180896,0.6485217875331873,-5.831745333159188,3.41496279343276,3.6910691347091857,7.343796766184051,-9.990811710866948,-12.45512856699458,-7.007838906110219,-3.77350296048259,-12.24527867687595,-9.49364692935417,burping
898.3349440318588,-7.680766637736008,-45.79655076496029,-14.830529057445345,-35.8092082990105,-6.582897662983243,-14.554726519128595,5.86302012240063,-17.31284203606421,-2.707804908541872,9.897450447745907,16.990096594347587,-2.4687343919277875,-3.6347802903541906,-12.851173134949896,0.16247881802256778,-4.630816863556444,2.485009292167873,0.6419067108538375,2.441250653758597,tired
645.0709010498199,7.211592423072306,-41.92201877038038,-9.278086007322864,-33.2722657679657,-1.966006265056897,-11.63272066205729,-2.8243427273419255,-15.10189418093185,0.5367743428654034,-1.5673062009529284,4.364758063183974,2.6586914175008327,2.4767366046245574,-9.646578516517883,-5.6413211328093915,-5.424316789015121,-4.005388161124413,-6.021920656432589,-1.5412215762842993,tired
639.4091820743831,36.94552910737316,-46.820299332031794,-1.556285388371283,-34.903594401358006,6.155937244149159,-14.19709344504277,-6.004793756125204,-15.374978575741997,-4.293144322064276,2.2974483415394458,8.40751124709312,-0.8889207096065648,-0.5875778511171766,-10.532285610699965,-0.7520142413004884,-12.637857128083608,-9.914509655257213,-5.846558897692015,-4.005846170535852,tired
686.7425705526625,38.42030037581753,-21.979570373485984,7.984705193508328,-24.555037504794676,-1.120764757943531,-18.437057399736947,-9.337017198840007,-26.078405227414034,-8.989751470418854,-5.470838997442364,3.802764330785643,-2.4196315345409256,-7.202989086418465,-17.285014738655917,-5.067422074164521,-4.115003665604724,-5.922956034640325,-6.528681646245917,-1.33106015891049,tired
804.2469280148626,15.069836445882492,-17.407988332568056,-11.459910897815044,-6.557858953282852,2.320047501277459,-2.487232161699804,-2.6899568191426,-19.658036572495345,-1.6195883004928484,-16.3346563310901,-8.14403621394315,-11.237909075550165,-2.62442825367681,-8.91074761303351,-5.4775370367003475,-9.288480976254345,-8.177553688990741,-6.166325984881801,-9.005834080725771,tired
685.8886809077027,55.376551259685726,-22.73487848580278,-12.673891164540839,-11.15264661278789,0.4249886656692175,-14.749121305029346,-18.425692091904562,-20.410562021695643,-14.131045021865889,-15.214209258283036,-8.243155797340119,-8.337121009774666,-5.943193505674477,-5.472485072877391,-2.153618072874445,-5.640280739392225,0.10646409834490583,-1.5566731081294984,0.026778165331267968,tired
754.9794849492977,70.53905611427922,-39.41997545799616,-7.518707620964336,-27.41403356514174,-22.147654631664082,-18.707155989384137,-12.12457004276666,-14.172522574708895,-8.036514419560286,-16.192710394354066,-8.900593908955193,-10.753067235644851,-8.068112192622042,-12.432568440724856,-6.995455405446284,-7.648524106029569,-5.509067954422718,-6.6127301018978555,-1.574433427147328,tired
784.5617032249808,-3.8104964012816467,-17.351745436018405,-3.279430055325669,-12.607364476263216,1.776231522205177,-19.177183505364113,-15.476617949748992,-7.1554783593488,-4.186784880406541,-4.115215032784573,1.414324407922994,-6.405825790301857,-4.5042017109731445,-5.260284142355217,-0.9531350954106317,-4.241647650400132,-0.32119878818340075,-1.4092984387263656,-0.6893254912395417,tired
802.3649131534995,8.026292059234484,-19.170186426164978,-10.739668660175175,-22.325000716075696,-12.839318630703866,-21.138911251685325,-11.108763533890698,-8.000587101079482,3.517010787180135,-2.677427866348943,2.447029069116787,-7.174137587346388,-7.319879025351668,-8.354551861626208,-4.723813541289115,-3.847164279978485,-1.3401430751169545,-1.5952828686332021,-2.9983134618201754,tired
809.4140895348847,18.42993499478016,-11.189397571284912,-15.864432146710357,-22.501292101161518,-21.26586001306067,-18.03146250597569,-10.299426369097977,-15.382653901719651,-2.454841016690709,-6.551689849788045,3.920119965132883,-2.012543976933018,1.7414579717066718,-4.451864959299062,-2.4671569456715012,-8.45588058215763,-3.8582782045401323,-4.365918657180577,-2.000324256871419,tired
808.3396112448482,31.44498012326334,-18.776356897086156,9.784421221821981,-28.50349097751947,1.792548640408789,-15.803757379999432,-10.343146492021285,-11.03959903974997,-15.015870072967658,-10.87030885542818,-4.302747614420969,1.5407867056709788,6.6378500155797955,-8.524297172107383,-10.142613197260676,-11.316811845707521,-1.9306312091139493,-8.012481612937535,-6.671441556512051,tired
844.6196719546951,9.035918389717212,-21.1335804085522,10.304739012033707,-27.422046209626416,13.385502448081908,-17.64204905357371,-8.421092323829424,-17.098246665531004,-13.700968334145296,-4.775727749383761,3.9131703319184363,12.167346120794189,5.461290040921947,-10.236882170074582,-7.111350728403707,-9.644115024697056,-5.282471532895644,-7.376888020975303,-2.4526382856252815,tired
916.3128516668648,85.75629365106819,-22.089485791507798,-34.40920819522431,-39.698626774274175,-25.67294870910469,-13.791658865977869,-14.06555793008104,-13.336783405493875,-0.0662896997428891,-11.43823334312765,1.391198428501055,8.030728971412001,7.068189345162183,-5.351575963572988,-4.871534397655054,-5.283186459457223,-1.7112540983909827,-8.551546014494857,-5.176930061749771,tired
839.0037540610282,46.68269704065772,-28.993203841728757,-22.38930034180643,-16.962288255377583,-21.956254410273253,-27.919775694417698,-15.458327504231349,-23.73684279913404,-9.286158183571967,-8.652899468133816,-9.360518531825438,-6.564176279875251,-6.7927823999165,-9.053599213714195,-6.263209600311788,-8.841681775770043,-5.011622335115804,-3.97324834968351,1.1938854267283683,tired
849.5898843015882,38.22841928542054,-45.627522049539756,-25.328477445247945,-17.614594280235128,-13.040700060907803,-19.333785277452588,-11.9617137164624,-22.84802945846763,-9.64436836517158,-5.45798345626397,2.3817315859479327,-0.9555454177365986,-3.7804306532243577,-8.74438842834564,-8.811296201643076,-4.793217521499084,-2.0995365470664598,-9.729446726618756,-2.5020226591549077,tired
659.1832535521977,76.16003375660647,16.11365785833966,-10.792533936691,-42.461146041549064,-27.224785370780214,-31.033618086392018,-26.269295734795072,-18.113115006245412,-12.047328670571197,-5.2969423547542,-1.3846718061433345,-13.64826610872041,-7.556726115741928,-19.57843448557292,-8.73171232327175,-11.766088731274916,-5.6537177546627735,-6.8041734368540485,-2.5008275582330297,tired
699.814032798104,29.000925747602583,-26.98389383167013,-8.421237469387005,-43.784705497160516,6.9838023622931225,-13.338815704811209,-17.93702589443248,-3.0711965488162245,4.044560347588654,13.877011055195133,10.86493169684205,-11.1225148850968,-7.041766992470021,-11.52500404423863,-6.139486445788674,-7.411079444543795,-5.120282564937869,-5.42192796283773,4.401574985272862,tired
792.6024018431873,45.913904830596955,-4.000341231856556,-2.1056287284753252,-17.762849166864395,20.4499518577344,-19.999463303606817,8.834707281055586,-7.482494247138751,-8.917845871533213,-8.772720097827785,-18.17839482188354,-7.509947044884175,-0.7031748288996432,-8.557116440752532,2.4433439943230297,-10.705674762601754,2.558303746305595,-4.8880782334006545,-9.748830591621216,tired
608.4769160596323,12.133255565317368,-13.676055919494702,4.733180563767218,-30.36890012509712,-8.76640888061664,-14.779839026659756,-7.560968292046505,-10.91202794969156,-9.228597771731636,-7.363639468152436,-5.898825074324502,-7.451298584319877,-7.453719083706774,-2.359287604658695,-5.651993203119431,-8.158763391001123,-7.1248290144178,-8.01076794254384,-2.487808968600015,tired
563.904789253811,-2.335838627466399,-21.82536986395222,20.69257568832107,-26.662298873193524,0.6471649581610734,-13.559839839933913,0.20755097758369748,-17.468167992737268,2.390193786060804,-9.500248185812957,-6.206003993075994,-5.944505641573004,-2.541513632945837,-9.059948615534855,-3.6792336560078787,-4.548105329689782,-4.4758851806794855,-3.3838968965197105,-6.229654259717048,tired
721.9638730468125,-22.056195386300722,-54.869995281174376,-10.684993789373937,-13.612976739908788,14.92964060611215,-4.868366806265489,-1.0047013326980105,-11.420480820843883,-1.6435640299155496,-0.5527091346200421,8.838272905195721,-1.53520628213474,-2.662237951978103,-2.0076223744890713,1.2627725523495164,-6.987707778732568,-1.5761423948501931,-1.6261309861853843,-0.9320813658520453,tired
808.9092964380358,-33.98030150637456,-79.0046101160343,-15.763539824053828,-4.973530484910038,-6.165211742496895,1.7277557069212557,0.5491625967956686,-12.404664991744571,0.23608251979618428,-12.642755797723238,2.8310742938962377,2.62460781230856,10.333250495271178,2.3466093511844734,2.6416826456100173,-12.104787278131775,-4.2066554335916235,-1.0386140000905009,-4.03318306763438,tired
840.5653209594271,-24.079265506707678,-38.590758686640655,-25.03716072779549,-30.607863901052554,17.291741169379208,-27.921200251842013,5.801510949492252,-8.344738616833988,-8.016688122081185,-7.982399990316128,2.515630934276807,-3.922549967142233,9.485940321878212,4.074110210508835,-1.6815033156858996,-11.593093170766043,-0.18414779995999972,-6.0128317998192236,-6.728062949487321,tired
503.59217445053525,55.82258029133466,19.8390316634108,15.108029161476052,2.4072467384364464,-0.5849368326588913,-4.911595963498366,1.538100558975527,-12.058677451312095,0.65366205214617,-11.480125788884543,-2.3207887142302086,-11.939947680156772,-5.782773081686122,-15.155828878034823,-8.524574872611517,-9.8813519251583,-7.439341040804667,-9.765873296071089,-5.188969586786653,tired
